-0.045,-0.034,29.586
-0.044994,-0.033834,29.53
-0.044989,-0.033667,29.473
-0.044983,-0.033501,29.416
-0.044977,-0.033334,29.359
-0.044972,-0.033168,29.302
-0.044966,-0.033002,29.245
-0.04496,-0.032835,29.188
-0.044955,-0.032669,29.131
-0.044949,-0.032502,29.074
-0.044943,-0.032336,29.017
-0.044937,-0.03217,28.959
-0.044932,-0.032003,28.902
-0.044926,-0.031837,28.845
-0.04492,-0.03167,28.788
-0.044914,-0.031504,28.73
-0.044909,-0.031338,28.673
-0.044903,-0.031171,28.615
-0.044897,-0.031005,28.558
-0.044891,-0.030838,28.5
-0.044885,-0.030672,28.443
-0.044879,-0.030506,28.385
-0.044874,-0.030339,28.327
-0.044868,-0.030173,28.269
-0.044862,-0.030006,28.212
-0.044856,-0.02984,28.154
-0.04485,-0.029674,28.096
-0.044844,-0.029507,28.038
-0.044838,-0.029341,27.98
-0.044832,-0.029175,27.922
-0.044826,-0.029008,27.864
-0.04482,-0.028842,27.806
-0.044814,-0.028675,27.747
-0.044808,-0.028509,27.689
-0.044802,-0.028343,27.631
-0.044796,-0.028176,27.572
-0.04479,-0.02801,27.514
-0.044784,-0.027844,27.456
-0.044778,-0.027677,27.397
-0.044772,-0.027511,27.339
-0.044766,-0.027344,27.28
-0.04476,-0.027178,27.221
-0.044754,-0.027012,27.163
-0.044747,-0.026845,27.104
-0.044741,-0.026679,27.045
-0.044735,-0.026513,26.986
-0.044729,-0.026346,26.927
-0.044723,-0.02618,26.868
-0.044717,-0.026014,26.809
-0.04471,-0.025847,26.75
-0.044704,-0.025681,26.691
-0.044698,-0.025514,26.632
-0.044692,-0.025348,26.573
-0.044685,-0.025182,26.513
-0.044679,-0.025015,26.454
-0.044673,-0.024849,26.395
-0.044667,-0.024683,26.335
-0.04466,-0.024516,26.276
-0.044654,-0.02435,26.216
-0.044648,-0.024184,26.156
-0.044641,-0.024017,26.097
-0.044635,-0.023851,26.037
-0.044628,-0.023685,25.977
-0.044622,-0.023518,25.917
-0.044616,-0.023352,25.857
-0.044609,-0.023186,25.797
-0.044603,-0.023019,25.737
-0.044596,-0.022853,25.677
-0.04459,-0.022687,25.617
-0.044583,-0.02252,25.557
-0.044577,-0.022354,25.497
-0.04457,-0.022187,25.436
-0.044564,-0.022021,25.376
-0.044557,-0.021855,25.315
-0.04455,-0.021688,25.255
-0.044544,-0.021522,25.194
-0.044537,-0.021356,25.134
-0.044531,-0.02119,25.073
-0.044524,-0.021023,25.012
-0.044517,-0.020857,24.952
-0.044511,-0.020691,24.891
-0.044504,-0.020524,24.83
-0.044497,-0.020358,24.769
-0.044491,-0.020192,24.708
-0.044484,-0.020025,24.647
-0.044477,-0.019859,24.585
-0.04447,-0.019693,24.524
-0.044463,-0.019526,24.463
-0.044457,-0.01936,24.401
-0.04445,-0.019194,24.34
-0.044443,-0.019027,24.278
-0.044436,-0.018861,24.217
-0.044429,-0.018695,24.155
-0.044422,-0.018528,24.093
-0.044415,-0.018362,24.032
-0.044409,-0.018196,23.97
-0.044402,-0.01803,23.908
-0.044395,-0.017863,23.846
-0.044388,-0.017697,23.784
-0.044381,-0.017531,23.722
-0.044374,-0.017364,23.66
-0.044367,-0.017198,23.597
-0.04436,-0.017032,23.535
-0.044352,-0.016865,23.473
-0.044345,-0.016699,23.41
-0.044338,-0.016533,23.347
-0.044331,-0.016367,23.285
-0.044324,-0.0162,23.222
-0.044317,-0.016034,23.159
-0.04431,-0.015868,23.097
-0.044302,-0.015702,23.034
-0.044295,-0.015535,22.971
-0.044288,-0.015369,22.908
-0.044281,-0.015203,22.844
-0.044273,-0.015036,22.781
-0.044266,-0.01487,22.718
-0.044259,-0.014704,22.655
-0.044251,-0.014538,22.591
-0.044244,-0.014371,22.528
-0.044237,-0.014205,22.464
-0.044229,-0.014039,22.4
-0.044222,-0.013873,22.337
-0.044214,-0.013706,22.273
-0.044207,-0.01354,22.209
-0.044199,-0.013374,22.145
-0.044192,-0.013208,22.081
-0.044184,-0.013041,22.017
-0.044177,-0.012875,21.952
-0.044169,-0.012709,21.888
-0.044162,-0.012543,21.824
-0.044154,-0.012376,21.759
-0.044146,-0.01221,21.695
-0.044139,-0.012044,21.63
-0.044131,-0.011878,21.565
-0.044123,-0.011711,21.5
-0.044115,-0.011545,21.436
-0.044108,-0.011379,21.371
-0.0441,-0.011213,21.306
-0.044092,-0.011046,21.24
-0.044084,-0.01088,21.175
-0.044076,-0.010714,21.11
-0.044068,-0.010548,21.044
-0.044061,-0.010382,20.979
-0.044053,-0.010215,20.913
-0.044045,-0.010049,20.847
-0.044037,-0.009883,20.782
-0.044029,-0.0097168,20.716
-0.044021,-0.0095506,20.65
-0.044013,-0.0093844,20.584
-0.044004,-0.0092182,20.518
-0.043996,-0.009052,20.451
-0.043988,-0.0088858,20.385
-0.04398,-0.0087196,20.318
-0.043972,-0.0085534,20.252
-0.043964,-0.0083873,20.185
-0.043955,-0.0082211,20.118
-0.043947,-0.0080549,20.052
-0.043939,-0.0078887,19.985
-0.04393,-0.0077225,19.918
-0.043922,-0.0075564,19.85
-0.043914,-0.0073902,19.783
-0.043905,-0.007224,19.716
-0.043897,-0.0070579,19.648
-0.043888,-0.0068917,19.581
-0.04388,-0.0067256,19.513
-0.043871,-0.0065594,19.445
-0.043863,-0.0063933,19.377
-0.043854,-0.0062271,19.309
-0.043846,-0.006061,19.241
-0.043837,-0.0058948,19.173
-0.043828,-0.0057287,19.105
-0.04382,-0.0055626,19.036
-0.043811,-0.0053964,18.968
-0.043802,-0.0052303,18.899
-0.043793,-0.0050642,18.83
-0.043784,-0.0048981,18.762
-0.043776,-0.0047319,18.693
-0.043767,-0.0045658,18.623
-0.043758,-0.0043997,18.554
-0.043749,-0.0042336,18.485
-0.04374,-0.0040675,18.415
-0.043731,-0.0039014,18.346
-0.043722,-0.0037353,18.276
-0.043713,-0.0035692,18.206
-0.043703,-0.0034031,18.136
-0.043694,-0.003237,18.066
-0.043685,-0.0030709,17.996
-0.043676,-0.0029049,17.926
-0.043666,-0.0027388,17.855
-0.043657,-0.0025727,17.784
-0.043648,-0.0024067,17.714
-0.043638,-0.0022406,17.643
-0.043629,-0.0020745,17.572
-0.04362,-0.0019085,17.501
-0.04361,-0.0017424,17.429
-0.0436,-0.0015764,17.358
-0.043591,-0.0014103,17.287
-0.043581,-0.0012443,17.215
-0.043572,-0.0010783,17.143
-0.043562,-0.00091225,17.071
-0.043552,-0.00074622,16.999
-0.043542,-0.0005802,16.927
-0.043533,-0.00041419,16.854
-0.043523,-0.00024818,16.782
-0.043513,-8.2173e-05,16.709
-0.043503,8.3827e-05,16.636
-0.043493,0.00024982,16.563
-0.043483,0.00041581,16.49
-0.043473,0.0005818,16.417
-0.043463,0.00074778,16.343
-0.043452,0.00091375,16.27
-0.043442,0.0010797,16.196
-0.043432,0.0012457,16.122
-0.043422,0.0014116,16.048
-0.043411,0.0015776,15.974
-0.043401,0.0017435,15.899
-0.04339,0.0019095,15.825
-0.04338,0.0020754,15.75
-0.043369,0.0022414,15.675
-0.043359,0.0024073,15.6
-0.043348,0.0025732,15.525
-0.043337,0.0027391,15.449
-0.043326,0.002905,15.373
-0.043316,0.0030709,15.298
-0.043305,0.0032368,15.222
-0.043294,0.0034027,15.145
-0.043283,0.0035686,15.069
-0.043272,0.0037344,14.992
-0.043261,0.0039003,14.916
-0.04325,0.0040662,14.839
-0.043238,0.004232,14.762
-0.043227,0.0043979,14.684
-0.043216,0.0045637,14.607
-0.043204,0.0047295,14.529
-0.043193,0.0048953,14.451
-0.043181,0.0050612,14.373
-0.04317,0.005227,14.295
-0.043158,0.0053928,14.216
-0.043147,0.0055585,14.137
-0.043135,0.0057243,14.058
-0.043123,0.0058901,13.979
-0.043111,0.0060559,13.899
-0.043099,0.0062216,13.82
-0.043087,0.0063874,13.74
-0.043075,0.0065531,13.66
-0.043063,0.0067188,13.579
-0.043051,0.0068845,13.499
-0.043038,0.0070502,13.418
-0.043026,0.0072159,13.337
-0.043013,0.0073816,13.255
-0.043001,0.0075473,13.174
-0.042988,0.007713,13.092
-0.042976,0.0078786,13.01
-0.042963,0.0080443,12.927
-0.04295,0.0082099,12.844
-0.042937,0.0083755,12.762
-0.042924,0.0085411,12.678
-0.042911,0.0087067,12.595
-0.042898,0.0088723,12.511
-0.042884,0.0090379,12.427
-0.042871,0.0092034,12.343
-0.042858,0.009369,12.258
-0.042844,0.0095345,12.173
-0.04283,0.0097,12.088
-0.042817,0.0098656,12.002
-0.042803,0.010031,11.916
-0.042789,0.010197,11.83
-0.042775,0.010362,11.743
-0.042761,0.010527,11.656
-0.042746,0.010693,11.569
-0.042732,0.010858,11.481
-0.042718,0.011024,11.394
-0.042703,0.011189,11.305
-0.042688,0.011354,11.217
-0.042674,0.01152,11.127
-0.042659,0.011685,11.038
-0.042644,0.01185,10.948
-0.042628,0.012016,10.858
-0.042613,0.012181,10.767
-0.042598,0.012346,10.676
-0.042582,0.012511,10.585
-0.042567,0.012677,10.493
-0.042551,0.012842,10.401
-0.042535,0.013007,10.308
-0.042519,0.013172,10.215
-0.042502,0.013337,10.121
-0.042486,0.013502,10.027
-0.04247,0.013667,9.9323
-0.042453,0.013832,9.8372
-0.042436,0.013997,9.7416
-0.042419,0.014162,9.6454
-0.042402,0.014327,9.5487
-0.042384,0.014492,9.4515
-0.042367,0.014657,9.3537
-0.042349,0.014822,9.2553
-0.042331,0.014987,9.1564
-0.042313,0.015151,9.0569
-0.042295,0.015316,8.9567
-0.042276,0.015481,8.8559
-0.042258,0.015646,8.7544
-0.042239,0.01581,8.6523
-0.04222,0.015975,8.5495
-0.0422,0.016139,8.446
-0.042181,0.016304,8.3418
-0.042161,0.016468,8.2368
-0.042141,0.016633,8.131
-0.04212,0.016797,8.0245
-0.0421,0.016961,7.9171
-0.042079,0.017125,7.8089
-0.042058,0.01729,7.6998
-0.042036,0.017454,7.5898
-0.042015,0.017618,7.4788
-0.041992,0.017782,7.3669
-0.04197,0.017945,7.254
-0.041947,0.018109,7.14
-0.041924,0.018273,7.025
-0.041901,0.018437,6.9088
-0.041877,0.0186,6.7914
-0.041853,0.018764,6.6728
-0.041828,0.018927,6.553
-0.041803,0.01909,6.4318
-0.041777,0.019253,6.3092
-0.041751,0.019416,6.1851
-0.041724,0.019579,6.0596
-0.041697,0.019742,5.9324
-0.04167,0.019904,5.8035
-0.041641,0.020067,5.6729
-0.041612,0.020229,5.5403
-0.041583,0.020391,5.4058
-0.041552,0.020553,5.2692
-0.041521,0.020714,5.1303
-0.041489,0.020876,4.9891
-0.041457,0.021037,4.8453
-0.041423,0.021198,4.6987
-0.041388,0.021358,4.5493
-0.041353,0.021518,4.3966
-0.041316,0.021678,4.2405
-0.041277,0.021837,4.0807
-0.041238,0.021995,3.9168
-0.041196,0.022153,3.7485
-0.041153,0.022311,3.5751
-0.041109,0.022467,3.3963
-0.041061,0.022623,3.2112
-0.041012,0.022777,3.0192
-0.04096,0.02293,2.8191
-0.040904,0.023081,2.6098
-0.040844,0.02323,2.3895
-0.04078,0.023376,2.1563
-0.04071,0.023519,1.9072
-0.040632,0.023656,1.6385
-0.040546,0.023785,1.3446
-0.040446,0.023903,1.0176
-0.040329,0.024,0.64651
-0.040189,0.02406,0.22001
-0.040027,0.024057,-0.25179
-0.039865,0.023981,-0.69519
-0.039728,0.023861,-1.0516
-0.039613,0.023724,-1.3377
-0.039513,0.023578,-1.5767
-0.039424,0.023428,-1.7831
-0.039343,0.023275,-1.9657
-0.039267,0.02312,-2.1299
-0.039196,0.022964,-2.2796
-0.039129,0.022807,-2.4172
-0.039066,0.022649,-2.5448
-0.039005,0.02249,-2.6639
-0.038946,0.022331,-2.7755
-0.03889,0.022171,-2.8806
-0.038835,0.022011,-2.9799
-0.038782,0.02185,-3.0741
-0.03873,0.02169,-3.1636
-0.03868,0.021528,-3.249
-0.038631,0.021367,-3.3304
-0.038583,0.021206,-3.4083
-0.038536,0.021044,-3.483
-0.03849,0.020882,-3.5547
-0.038445,0.02072,-3.6235
-0.038401,0.020558,-3.6897
-0.038357,0.020396,-3.7535
-0.038314,0.020233,-3.8149
-0.038272,0.020071,-3.8742
-0.03823,0.019908,-3.9314
-0.038189,0.019746,-3.9867
-0.038149,0.019583,-4.0402
-0.038109,0.01942,-4.0919
-0.038069,0.019257,-4.142
-0.03803,0.019094,-4.1905
-0.037991,0.018931,-4.2375
-0.037953,0.018768,-4.283
-0.037915,0.018605,-4.3271
-0.037878,0.018442,-4.3699
-0.03784,0.018279,-4.4115
-0.037804,0.018115,-4.4518
-0.037767,0.017952,-4.4909
-0.037731,0.017789,-4.5289
-0.037695,0.017625,-4.5658
-0.037659,0.017462,-4.6017
-0.037624,0.017298,-4.6365
-0.037589,0.017135,-4.6703
-0.037554,0.016971,-4.7032
-0.037519,0.016808,-4.7351
-0.037485,0.016644,-4.7661
-0.03745,0.016481,-4.7963
-0.037416,0.016317,-4.8256
-0.037383,0.016153,-4.8541
-0.037349,0.01599,-4.8818
-0.037316,0.015826,-4.9087
-0.037282,0.015662,-4.9348
-0.037249,0.015498,-4.9602
-0.037216,0.015334,-4.9849
-0.037184,0.015171,-5.0088
-0.037151,0.015007,-5.0321
-0.037118,0.014843,-5.0547
-0.037086,0.014679,-5.0766
-0.037054,0.014515,-5.0979
-0.037022,0.014351,-5.1186
-0.03699,0.014188,-5.1387
-0.036958,0.014024,-5.1581
-0.036926,0.01386,-5.177
-0.036895,0.013696,-5.1953
-0.036863,0.013532,-5.213
-0.036832,0.013368,-5.2302
-0.0368,0.013204,-5.2468
-0.036769,0.01304,-5.2629
-0.036738,0.012876,-5.2784
-0.036707,0.012712,-5.2935
-0.036676,0.012548,-5.308
-0.036645,0.012384,-5.322
-0.036615,0.01222,-5.3356
-0.036584,0.012056,-5.3486
-0.036553,0.011892,-5.3612
-0.036523,0.011728,-5.3733
-0.036492,0.011564,-5.385
-0.036462,0.0114,-5.3962
-0.036431,0.011236,-5.407
-0.036401,0.011072,-5.4173
-0.036371,0.010908,-5.4272
-0.036341,0.010744,-5.4367
-0.03631,0.01058,-5.4457
-0.03628,0.010416,-5.4543
-0.03625,0.010252,-5.4626
-0.03622,0.010088,-5.4704
-0.03619,0.0099235,-5.4778
-0.03616,0.0097595,-5.4848
-0.03613,0.0095954,-5.4915
-0.036101,0.0094314,-5.4977
-0.036071,0.0092673,-5.5036
-0.036041,0.0091033,-5.5091
-0.036011,0.0089392,-5.5142
-0.035982,0.0087751,-5.519
-0.035952,0.0086111,-5.5234
-0.035922,0.008447,-5.5274
-0.035892,0.008283,-5.5311
-0.035863,0.0081189,-5.5344
-0.035833,0.0079549,-5.5374
-0.035804,0.0077908,-5.5401
-0.035774,0.0076268,-5.5424
-0.035744,0.0074627,-5.5443
-0.035715,0.0072987,-5.5459
-0.035685,0.0071347,-5.5472
-0.035656,0.0069706,-5.5482
-0.035626,0.0068066,-5.5488
-0.035596,0.0066426,-5.5491
-0.035567,0.0064786,-5.5491
-0.035537,0.0063145,-5.5488
-0.035508,0.0061505,-5.5482
-0.035478,0.0059865,-5.5472
-0.035449,0.0058225,-5.546
-0.035419,0.0056585,-5.5444
-0.03539,0.0054946,-5.5425
-0.03536,0.0053306,-5.5403
-0.03533,0.0051666,-5.5378
-0.035301,0.0050026,-5.5351
-0.035271,0.0048387,-5.532
-0.035241,0.0046747,-5.5286
-0.035212,0.0045108,-5.5249
-0.035182,0.0043468,-5.521
-0.035152,0.0041829,-5.5167
-0.035123,0.004019,-5.5121
-0.035093,0.0038551,-5.5073
-0.035063,0.0036912,-5.5022
-0.035033,0.0035273,-5.4968
-0.035004,0.0033634,-5.4911
-0.034974,0.0031995,-5.4851
-0.034944,0.0030356,-5.4789
-0.034914,0.0028718,-5.4723
-0.034884,0.0027079,-5.4655
-0.034854,0.0025441,-5.4584
-0.034824,0.0023803,-5.4511
-0.034794,0.0022165,-5.4434
-0.034764,0.0020527,-5.4355
-0.034733,0.0018889,-5.4273
-0.034703,0.0017251,-5.4188
-0.034673,0.0015614,-5.4101
-0.034643,0.0013976,-5.4011
-0.034612,0.0012339,-5.3918
-0.034582,0.0010701,-5.3823
-0.034552,0.00090644,-5.3725
-0.034521,0.00074275,-5.3624
-0.034491,0.00057907,-5.352
-0.03446,0.00041541,-5.3414
-0.034429,0.00025176,-5.3305
-0.034399,8.8125e-05,-5.3193
-0.034368,-7.5491e-05,-5.3079
-0.034337,-0.00023909,-5.2962
-0.034306,-0.00040267,-5.2843
-0.034275,-0.00056624,-5.2721
-0.034244,-0.00072979,-5.2596
-0.034213,-0.00089332,-5.2468
-0.034182,-0.0010568,-5.2338
-0.03415,-0.0012203,-5.2205
-0.034119,-0.0013838,-5.207
-0.034088,-0.0015472,-5.1932
-0.034056,-0.0017107,-5.1791
-0.034024,-0.0018741,-5.1647
-0.033993,-0.0020375,-5.1501
-0.033961,-0.0022009,-5.1353
-0.033929,-0.0023642,-5.1201
-0.033897,-0.0025275,-5.1047
-0.033865,-0.0026908,-5.089
-0.033833,-0.0028541,-5.0731
-0.033801,-0.0030174,-5.0569
-0.033768,-0.0031806,-5.0404
-0.033736,-0.0033438,-5.0236
-0.033703,-0.003507,-5.0066
-0.033671,-0.0036701,-4.9893
-0.033638,-0.0038332,-4.9718
-0.033605,-0.0039963,-4.9539
-0.033572,-0.0041594,-4.9358
-0.033539,-0.0043224,-4.9175
-0.033506,-0.0044855,-4.8988
-0.033473,-0.0046484,-4.8799
-0.033439,-0.0048114,-4.8606
-0.033406,-0.0049743,-4.8412
-0.033372,-0.0051372,-4.8214
-0.033338,-0.0053,-4.8013
-0.033304,-0.0054628,-4.781
-0.03327,-0.0056256,-4.7604
-0.033236,-0.0057884,-4.7395
-0.033201,-0.0059511,-4.7183
-0.033167,-0.0061137,-4.6968
-0.033132,-0.0062764,-4.6751
-0.033097,-0.006439,-4.653
-0.033062,-0.0066015,-4.6306
-0.033027,-0.006764,-4.608
-0.032992,-0.0069265,-4.585
-0.032956,-0.0070889,-4.5618
-0.03292,-0.0072513,-4.5383
-0.032884,-0.0074136,-4.5144
-0.032848,-0.0075759,-4.4902
-0.032812,-0.0077381,-4.4658
-0.032776,-0.0079003,-4.441
-0.032739,-0.0080624,-4.4159
-0.032702,-0.0082245,-4.3905
-0.032665,-0.0083865,-4.3647
-0.032628,-0.0085485,-4.3387
-0.032591,-0.0087104,-4.3123
-0.032553,-0.0088723,-4.2856
-0.032515,-0.009034,-4.2585
-0.032477,-0.0091958,-4.2311
-0.032439,-0.0093574,-4.2034
-0.0324,-0.009519,-4.1753
-0.032361,-0.0096805,-4.1469
-0.032322,-0.009842,-4.1181
-0.032283,-0.010003,-4.089
-0.032243,-0.010165,-4.0595
-0.032204,-0.010326,-4.0296
-0.032163,-0.010487,-3.9994
-0.032123,-0.010648,-3.9687
-0.032082,-0.010809,-3.9377
-0.032041,-0.01097,-3.9064
-0.032,-0.011131,-3.8746
-0.031958,-0.011292,-3.8424
-0.031916,-0.011452,-3.8098
-0.031874,-0.011613,-3.7768
-0.031831,-0.011773,-3.7434
-0.031788,-0.011933,-3.7095
-0.031745,-0.012093,-3.6753
-0.031701,-0.012254,-3.6405
-0.031657,-0.012413,-3.6054
-0.031612,-0.012573,-3.5697
-0.031567,-0.012733,-3.5336
-0.031522,-0.012892,-3.4971
-0.031476,-0.013052,-3.46
-0.03143,-0.013211,-3.4224
-0.031383,-0.01337,-3.3844
-0.031336,-0.013529,-3.3458
-0.031288,-0.013688,-3.3066
-0.03124,-0.013846,-3.267
-0.031191,-0.014005,-3.2267
-0.031142,-0.014163,-3.1859
-0.031092,-0.014321,-3.1445
-0.031042,-0.014479,-3.1026
-0.03099,-0.014636,-3.0599
-0.030939,-0.014794,-3.0167
-0.030886,-0.014951,-2.9728
-0.030833,-0.015107,-2.9282
-0.030779,-0.015264,-2.8829
-0.030725,-0.01542,-2.8369
-0.030669,-0.015576,-2.7902
-0.030613,-0.015732,-2.7427
-0.030556,-0.015887,-2.6944
-0.030498,-0.016042,-2.6453
-0.030439,-0.016196,-2.5953
-0.030379,-0.01635,-2.5445
-0.030318,-0.016503,-2.4927
-0.030256,-0.016657,-2.44
-0.030193,-0.016809,-2.3862
-0.030128,-0.016961,-2.3314
-0.030063,-0.017112,-2.2756
-0.029996,-0.017263,-2.2186
-0.029927,-0.017413,-2.1603
-0.029857,-0.017562,-2.1009
-0.029786,-0.01771,-2.0401
-0.029712,-0.017858,-1.9779
-0.029637,-0.018004,-1.9142
-0.02956,-0.018149,-1.8489
-0.029481,-0.018293,-1.782
-0.029399,-0.018436,-1.7134
-0.029315,-0.018577,-1.6428
-0.029228,-0.018716,-1.5702
-0.029139,-0.018853,-1.4955
-0.029046,-0.018988,-1.4185
-0.02895,-0.019121,-1.3389
-0.02885,-0.01925,-1.2568
-0.028747,-0.019376,-1.1717
-0.028638,-0.019498,-1.0835
-0.028525,-0.019615,-0.99203
-0.028407,-0.019727,-0.89697
-0.028283,-0.019832,-0.79812
-0.028153,-0.019929,-0.6953
-0.028016,-0.020017,-0.58841
-0.027872,-0.020094,-0.4775
-0.027722,-0.020157,-0.36289
-0.027565,-0.020205,-0.2452
-0.027403,-0.020235,-0.12553
-0.027238,-0.020245,-0.0053673
-0.027071,-0.020236,0.11351
-0.026906,-0.020208,0.22933
-0.026743,-0.020162,0.34065
-0.026586,-0.020099,0.44651
-0.026433,-0.020024,0.54649
-0.026287,-0.019937,0.64054
-0.026147,-0.019841,0.72889
-0.026012,-0.019737,0.81188
-0.025883,-0.019627,0.88993
-0.025758,-0.019512,0.96347
-0.025638,-0.019392,1.0329
-0.025522,-0.019268,1.0985
-0.02541,-0.019141,1.1607
-0.025301,-0.019012,1.2198
-0.025196,-0.01888,1.276
-0.025093,-0.018746,1.3296
-0.024993,-0.01861,1.3807
-0.024895,-0.018473,1.4295
-0.024799,-0.018334,1.4763
-0.024706,-0.018194,1.5211
-0.024614,-0.018053,1.564
-0.024525,-0.017911,1.6053
-0.024436,-0.017767,1.6449
-0.02435,-0.017623,1.683
-0.024265,-0.017479,1.7197
-0.024181,-0.017333,1.755
-0.024098,-0.017187,1.789
-0.024017,-0.01704,1.8218
-0.023937,-0.016893,1.8534
-0.023858,-0.016745,1.884
-0.02378,-0.016596,1.9134
-0.023702,-0.016448,1.9419
-0.023626,-0.016298,1.9694
-0.023551,-0.016149,1.9959
-0.023476,-0.015999,2.0215
-0.023402,-0.015848,2.0463
-0.023329,-0.015698,2.0702
-0.023256,-0.015547,2.0934
-0.023185,-0.015396,2.1157
-0.023113,-0.015244,2.1373
-0.023043,-0.015093,2.1582
-0.022973,-0.014941,2.1784
-0.022903,-0.014789,2.1978
-0.022834,-0.014636,2.2167
-0.022766,-0.014484,2.2348
-0.022698,-0.014331,2.2524
-0.02263,-0.014178,2.2693
-0.022563,-0.014025,2.2856
-0.022496,-0.013872,2.3014
-0.022429,-0.013718,2.3166
-0.022363,-0.013565,2.3312
-0.022298,-0.013411,2.3453
-0.022232,-0.013257,2.3588
-0.022167,-0.013104,2.3719
-0.022103,-0.01295,2.3844
-0.022038,-0.012796,2.3964
-0.021974,-0.012641,2.4079
-0.02191,-0.012487,2.419
-0.021846,-0.012333,2.4296
-0.021783,-0.012178,2.4397
-0.02172,-0.012024,2.4494
-0.021657,-0.011869,2.4586
-0.021594,-0.011715,2.4674
-0.021531,-0.01156,2.4758
-0.021469,-0.011405,2.4837
-0.021407,-0.01125,2.4913
-0.021345,-0.011095,2.4984
-0.021283,-0.01094,2.5051
-0.021221,-0.010785,2.5114
-0.021159,-0.01063,2.5173
-0.021098,-0.010475,2.5228
-0.021036,-0.01032,2.5279
-0.020975,-0.010165,2.5326
-0.020914,-0.01001,2.537
-0.020853,-0.0098548,2.541
-0.020792,-0.0096996,2.5446
-0.020731,-0.0095444,2.5479
-0.02067,-0.0093891,2.5508
-0.020609,-0.0092339,2.5533
-0.020548,-0.0090786,2.5555
-0.020487,-0.0089234,2.5573
-0.020427,-0.0087681,2.5588
-0.020366,-0.0086129,2.56
-0.020305,-0.0084576,2.5607
-0.020245,-0.0083023,2.5612
-0.020184,-0.0081471,2.5613
-0.020124,-0.0079918,2.5611
-0.020063,-0.0078366,2.5605
-0.020002,-0.0076814,2.5597
-0.019942,-0.0075262,2.5584
-0.019881,-0.007371,2.5569
-0.01982,-0.0072159,2.555
-0.01976,-0.0070607,2.5528
-0.019699,-0.0069056,2.5503
-0.019638,-0.0067505,2.5475
-0.019577,-0.0065955,2.5443
-0.019516,-0.0064405,2.5408
-0.019455,-0.0062855,2.537
-0.019394,-0.0061306,2.5329
-0.019333,-0.0059757,2.5285
-0.019271,-0.0058209,2.5237
-0.01921,-0.0056661,2.5186
-0.019149,-0.0055114,2.5132
-0.019087,-0.0053567,2.5075
-0.019025,-0.0052021,2.5015
-0.018963,-0.0050475,2.4952
-0.018901,-0.004893,2.4885
-0.018839,-0.0047386,2.4816
-0.018777,-0.0045842,2.4743
-0.018714,-0.0044299,2.4667
-0.018652,-0.0042757,2.4588
-0.018589,-0.0041216,2.4506
-0.018526,-0.0039676,2.4421
-0.018463,-0.0038136,2.4332
-0.0184,-0.0036598,2.424
-0.018336,-0.003506,2.4145
-0.018272,-0.0033523,2.4047
-0.018208,-0.0031988,2.3946
-0.018144,-0.0030453,2.3842
-0.01808,-0.002892,2.3734
-0.018015,-0.0027387,2.3623
-0.01795,-0.0025856,2.3509
-0.017885,-0.0024327,2.3391
-0.017819,-0.0022798,2.3271
-0.017753,-0.0021271,2.3146
-0.017687,-0.0019745,2.3019
-0.017621,-0.0018221,2.2888
-0.017554,-0.0016698,2.2754
-0.017487,-0.0015177,2.2617
-0.01742,-0.0013657,2.2476
-0.017352,-0.001214,2.2332
-0.017284,-0.0010624,2.2184
-0.017215,-0.00091094,2.2032
-0.017146,-0.00075971,2.1878
-0.017077,-0.00060868,2.1719
-0.017007,-0.00045786,2.1557
-0.016937,-0.00030725,2.1392
-0.016867,-0.00015687,2.1222
-0.016796,-6.7208e-06,2.1049
-0.016724,0.00014319,2.0873
-0.016652,0.00029284,2.0692
-0.01658,0.00044223,2.0508
-0.016507,0.00059134,2.032
-0.016433,0.00074017,2.0128
-0.016359,0.0008887,1.9931
-0.016284,0.0010369,1.9731
-0.016209,0.0011848,1.9527
-0.016133,0.0013324,1.9319
-0.016056,0.0014796,1.9106
-0.015979,0.0016264,1.8889
-0.015901,0.0017728,1.8668
-0.015822,0.0019188,1.8442
-0.015743,0.0020644,1.8212
-0.015663,0.0022096,1.7977
-0.015582,0.0023542,1.7738
-0.0155,0.0024984,1.7494
-0.015417,0.0026421,1.7245
-0.015333,0.0027852,1.6991
-0.015249,0.0029277,1.6732
-0.015163,0.0030697,1.6469
-0.015077,0.003211,1.6199
-0.014989,0.0033516,1.5925
-0.014901,0.0034915,1.5645
-0.014811,0.0036306,1.536
-0.01472,0.003769,1.5068
-0.014628,0.0039065,1.4771
-0.014534,0.0040431,1.4468
-0.01444,0.0041787,1.4159
-0.014344,0.0043133,1.3844
-0.014246,0.0044469,1.3523
-0.014147,0.0045792,1.3194
-0.014046,0.0047104,1.286
-0.013944,0.0048402,1.2518
-0.01384,0.0049686,1.2169
-0.013734,0.0050955,1.1813
-0.013626,0.0052207,1.145
-0.013517,0.0053442,1.1079
-0.013405,0.0054658,1.07
-0.013291,0.0055854,1.0314
-0.013175,0.0057028,0.99194
-0.013057,0.0058177,0.95167
-0.012936,0.0059302,0.91058
-0.012813,0.0060398,0.86864
-0.012687,0.0061464,0.82586
-0.012559,0.0062497,0.78223
-0.012427,0.0063495,0.73774
-0.012293,0.0064454,0.69242
-0.012156,0.0065371,0.64627
-0.012016,0.0066242,0.59932
-0.011873,0.0067065,0.5516
-0.011727,0.0067835,0.50318
-0.011578,0.0068547,0.4541
-0.011427,0.0069199,0.40445
-0.011272,0.0069785,0.35434
-0.011115,0.0070302,0.30387
-0.010956,0.0070746,0.25318
-0.010794,0.0071114,0.20243
-0.010631,0.0071403,0.15177
-0.010466,0.0071611,0.10138
-0.0103,0.0071738,0.05144
-0.010134,0.0071782,0.0021284
-0.0099671,0.0071745,-0.046387
-0.0098006,0.0071628,-0.093948
-0.0096347,0.0071434,-0.14041
-0.0094696,0.0071165,-0.18567
-0.0093058,0.0070824,-0.2296
-0.0091434,0.0070417,-0.27215
-0.0089825,0.0069946,-0.31326
-0.0088235,0.0069416,-0.35288
-0.0086663,0.0068831,-0.391
-0.0085111,0.0068196,-0.42762
-0.0083579,0.0067513,-0.46273
-0.0082066,0.0066788,-0.49637
-0.0080573,0.0066023,-0.52854
-0.00791,0.0065221,-0.55928
-0.0077645,0.0064386,-0.58863
-0.0076209,0.0063521,-0.6166
-0.0074791,0.0062627,-0.64324
-0.0073389,0.0061707,-0.66859
-0.0072003,0.0060764,-0.69268
-0.0070633,0.00598,-0.71554
-0.0069278,0.0058815,-0.73721
-0.0067937,0.0057812,-0.75773
-0.0066608,0.0056793,-0.77712
-0.0065292,0.0055758,-0.7954
-0.0063988,0.0054709,-0.81262
-0.0062695,0.0053647,-0.8288
-0.0061411,0.0052574,-0.84396
-0.0060138,0.005149,-0.85813
-0.0058873,0.0050396,-0.87133
-0.0057616,0.0049294,-0.88357
-0.0056368,0.0048183,-0.89488
-0.0055126,0.0047065,-0.90528
-0.005389,0.0045941,-0.91478
-0.005266,0.004481,-0.9234
-0.0051436,0.0043675,-0.93115
-0.0050216,0.0042535,-0.93804
-0.0049001,0.0041391,-0.94409
-0.0047789,0.0040244,-0.94931
-0.004658,0.0039093,-0.9537
-0.0045374,0.0037941,-0.95727
-0.004417,0.0036787,-0.96003
-0.0042968,0.0035631,-0.96199
-0.0041767,0.0034475,-0.96316
-0.0040566,0.0033319,-0.96353
-0.0039366,0.0032162,-0.96311
-0.0038166,0.0031007,-0.9619
-0.0036965,0.0029853,-0.95991
-0.0035762,0.00287,-0.95714
-0.0034558,0.002755,-0.95358
-0.0033352,0.0026402,-0.94924
-0.0032144,0.0025258,-0.94411
-0.0030932,0.0024117,-0.9382
-0.0029716,0.0022981,-0.9315
-0.0028497,0.0021849,-0.924
-0.0027273,0.0020723,-0.9157
-0.0026044,0.0019603,-0.9066
-0.0024809,0.001849,-0.89669
-0.0023568,0.0017384,-0.88596
-0.0022321,0.0016286,-0.87441
-0.0021066,0.0015197,-0.86202
-0.0019804,0.0014117,-0.84879
-0.0018533,0.0013047,-0.83471
-0.0017254,0.0011989,-0.81976
-0.0015965,0.0010942,-0.80394
-0.0014666,0.00099086,-0.78724
-0.0013356,0.00088892,-0.76963
-0.0012036,0.00078848,-0.75111
-0.0010703,0.00068968,-0.73166
-0.0009358,0.00059263,-0.71128
-0.00079999,0.00049747,-0.68994
-0.00066281,0.00040435,-0.66763
-0.0005242,0.00031342,-0.64434
-0.0003841,0.00022484,-0.62005
-0.00024246,0.0001388,-0.59476
-9.9222e-05,5.5479e-05,-0.56844
4.5666e-05,-2.4908e-05,-0.54109
0.00019224,-0.00010215,-0.51271
0.00034055,-0.00017601,-0.48328
0.0004906,-0.00024625,-0.45281
0.00064243,-0.00031262,-0.4213
0.00079601,-0.00037483,-0.38876
0.00095135,-0.00043262,-0.35519
0.0011084,-0.0004857,-0.32063
0.0012671,-0.00053377,-0.28511
0.0014274,-0.00057656,-0.24866
0.0015891,-0.00061376,-0.21134
0.0017522,-0.00064512,-0.17321
0.0019164,-0.00067038,-0.13433
0.0020816,-0.00068931,-0.0948
0.0022475,-0.00070171,-0.054708
0.0024139,-0.00070745,-0.014159
0.0025805,-0.00070641,0.026732
0.0027471,-0.00069853,0.067848
0.0029134,-0.00068382,0.10907
0.0030791,-0.00066234,0.15027
0.0032439,-0.00063419,0.19133
0.0034076,-0.00059953,0.23213
0.0035699,-0.00055857,0.27257
0.0037307,-0.00051152,0.31254
0.0038898,-0.00045867,0.35197
0.004047,-0.00040029,0.39076
0.0042022,-0.00033667,0.42885
0.0043554,-0.00026812,0.46618
0.0045065,-0.00019494,0.50271
0.0046554,-0.00011742,0.5384
0.0048021,-3.5854e-05,0.57323
0.0049467,4.9486e-05,0.60716
0.0050892,0.00013834,0.64019
0.0052295,0.00023046,0.6723
0.0053678,0.0003256,0.70349
0.0055041,0.00042356,0.73377
0.0056385,0.00052414,0.76313
0.005771,0.00062713,0.79158
0.0059017,0.00073238,0.81912
0.0060306,0.00083971,0.84577
0.0061578,0.00094898,0.87152
0.0062835,0.00106,0.8964
0.0064076,0.0011728,0.92042
0.0065302,0.0012871,0.94357
0.0066514,0.0014028,0.96588
0.0067713,0.0015199,0.98736
0.0068899,0.0016382,1.008
0.0070073,0.0017577,1.0278
0.0071235,0.0018783,1.0469
0.0072386,0.0019998,1.0651
0.0073527,0.0021223,1.0825
0.0074658,0.0022457,1.0992
0.0075779,0.0023699,1.1151
0.0076892,0.0024948,1.1302
0.0077996,0.0026204,1.1446
0.0079093,0.0027467,1.1582
0.0080182,0.0028735,1.171
0.0081264,0.0030009,1.1831
0.008234,0.0031288,1.1945
0.008341,0.0032572,1.2051
0.0084474,0.003386,1.215
0.0085533,0.0035152,1.2242
0.0086588,0.0036447,1.2326
0.0087638,0.0037745,1.2403
0.0088684,0.0039046,1.2472
0.0089726,0.004035,1.2535
0.0090766,0.0041656,1.2589
0.0091802,0.0042963,1.2637
0.0092837,0.0044272,1.2677
0.0093869,0.0045582,1.271
0.0094899,0.0046893,1.2735
0.0095929,0.0048205,1.2752
0.0096957,0.0049517,1.2762
0.0097985,0.0050829,1.2764
0.0099013,0.0052141,1.2758
0.010004,0.0053452,1.2745
0.010107,0.0054762,1.2723
0.01021,0.0056071,1.2694
0.010313,0.0057378,1.2656
0.010416,0.0058684,1.2609
0.01052,0.0059987,1.2555
0.010624,0.0061287,1.2491
0.010728,0.0062584,1.2419
0.010832,0.0063878,1.2338
0.010937,0.0065168,1.2247
0.011043,0.0066454,1.2147
0.011149,0.0067735,1.2038
0.011255,0.0069011,1.1918
0.011362,0.0070281,1.1788
0.01147,0.0071544,1.1648
0.011579,0.0072801,1.1496
0.011688,0.0074049,1.1334
0.011798,0.0075289,1.116
0.01191,0.007652,1.0973
0.012022,0.0077741,1.0775
0.012135,0.0078951,1.0563
0.01225,0.0080148,1.0338
0.012366,0.0081332,1.0098
0.012483,0.0082502,0.98441
0.012602,0.0083655,0.95745
0.012722,0.0084791,0.92886
0.012844,0.0085906,0.89858
0.012968,0.0087001,0.8665
0.013094,0.0088071,0.83254
0.013222,0.0089114,0.79659
0.013353,0.0090128,0.75854
0.013485,0.0091109,0.71827
0.013621,0.0092052,0.67566
0.013759,0.0092954,0.63056
0.0139,0.009381,0.58284
0.014044,0.0094613,0.53236
0.014191,0.0095357,0.47899
0.014341,0.0096035,0.4226
0.014495,0.0096638,0.36309
0.014651,0.0097158,0.30038
0.014811,0.0097585,0.23446
0.014973,0.009791,0.1654
0.015138,0.0098123,0.093335
0.015304,0.0098216,0.018533
0.01547,0.0098183,-0.058629
0.015637,0.009802,-0.13767
0.015802,0.0097727,-0.21802
0.015965,0.0097306,-0.29907
0.016124,0.0096764,-0.38023
0.01628,0.0096109,-0.46096
0.016431,0.0095351,-0.5408
0.016578,0.00945,-0.61939
0.01672,0.0093568,-0.69648
0.016856,0.0092564,-0.77189
0.016988,0.0091498,-0.84552
0.017116,0.0090376,-0.91733
0.017238,0.0089206,-0.9873
0.017357,0.0087995,-1.0555
0.017472,0.0086747,-1.1219
0.017583,0.0085467,-1.1866
0.01769,0.0084159,-1.2496
0.017794,0.0082826,-1.3111
0.017895,0.0081471,-1.3711
0.017993,0.0080095,-1.4296
0.018089,0.0078702,-1.4867
0.018182,0.0077294,-1.5425
0.018273,0.007587,-1.597
0.018361,0.0074434,-1.6503
0.018447,0.0072986,-1.7024
0.018532,0.0071528,-1.7535
0.018614,0.007006,-1.8034
0.018695,0.0068582,-1.8524
0.018774,0.0067097,-1.9003
0.018852,0.0065604,-1.9473
0.018928,0.0064104,-1.9933
0.019003,0.0062597,-2.0385
0.019076,0.0061084,-2.0828
0.019148,0.0059566,-2.1263
0.019219,0.0058043,-2.169
0.019289,0.0056515,-2.2109
0.019358,0.0054982,-2.2521
0.019425,0.0053445,-2.2925
0.019492,0.0051905,-2.3322
0.019558,0.005036,-2.3713
0.019622,0.0048812,-2.4096
0.019686,0.0047261,-2.4473
0.019749,0.0045706,-2.4844
0.019812,0.0044149,-2.5208
0.019873,0.0042589,-2.5566
0.019934,0.0041026,-2.5919
0.019994,0.003946,-2.6265
0.020053,0.0037893,-2.6606
0.020112,0.0036323,-2.6941
0.02017,0.0034751,-2.7271
0.020227,0.0033177,-2.7595
0.020284,0.0031601,-2.7914
0.02034,0.0030023,-2.8228
0.020396,0.0028444,-2.8537
0.020451,0.0026862,-2.884
0.020505,0.002528,-2.9139
0.02056,0.0023695,-2.9433
0.020613,0.0022109,-2.9722
0.020666,0.0020522,-3.0006
0.020719,0.0018934,-3.0286
0.020771,0.0017344,-3.0561
0.020823,0.0015753,-3.0831
0.020874,0.0014161,-3.1097
0.020925,0.0012568,-3.1359
0.020976,0.0010973,-3.1616
0.021026,0.00093779,-3.1869
0.021076,0.00077815,-3.2118
0.021126,0.00061842,-3.2362
0.021175,0.0004586,-3.2602
0.021224,0.00029869,-3.2838
0.021272,0.00013869,-3.307
0.021321,-2.1386e-05,-3.3297
0.021369,-0.00018154,-3.3521
0.021416,-0.00034177,-3.374
0.021464,-0.00050207,-3.3956
0.021511,-0.00066244,-3.4167
0.021558,-0.00082288,-3.4375
0.021604,-0.00098338,-3.4578
0.02165,-0.0011439,-3.4778
0.021696,-0.0013046,-3.4973
0.021742,-0.0014652,-3.5165
0.021788,-0.001626,-3.5353
0.021833,-0.0017868,-3.5537
0.021878,-0.0019476,-3.5717
0.021923,-0.0021085,-3.5894
0.021968,-0.0022694,-3.6066
0.022013,-0.0024304,-3.6235
0.022057,-0.0025914,-3.64
0.022101,-0.0027525,-3.6561
0.022145,-0.0029136,-3.6718
0.022189,-0.0030747,-3.6871
0.022232,-0.0032359,-3.7021
0.022276,-0.0033971,-3.7167
0.022319,-0.0035584,-3.7309
0.022362,-0.0037196,-3.7447
0.022405,-0.003881,-3.7581
0.022448,-0.0040423,-3.7712
0.022491,-0.0042037,-3.7839
0.022533,-0.004365,-3.7962
0.022576,-0.0045265,-3.8081
0.022618,-0.0046879,-3.8196
0.02266,-0.0048494,-3.8307
0.022703,-0.0050109,-3.8415
0.022745,-0.0051724,-3.8519
0.022786,-0.0053339,-3.8619
0.022828,-0.0054954,-3.8715
0.02287,-0.005657,-3.8807
0.022911,-0.0058185,-3.8895
0.022953,-0.0059801,-3.8979
0.022994,-0.0061417,-3.9059
0.023036,-0.0063033,-3.9135
0.023077,-0.006465,-3.9207
0.023118,-0.0066266,-3.9275
0.023159,-0.0067882,-3.9339
0.0232,-0.0069499,-3.9399
0.023241,-0.0071115,-3.9455
0.023282,-0.0072732,-3.9507
0.023323,-0.0074349,-3.9554
0.023364,-0.0075965,-3.9598
0.023405,-0.0077582,-3.9637
0.023446,-0.0079199,-3.9671
0.023486,-0.0080815,-3.9702
0.023527,-0.0082432,-3.9728
0.023568,-0.0084049,-3.9749
0.023608,-0.0085665,-3.9766
0.023649,-0.0087282,-3.9779
0.02369,-0.0088898,-3.9787
0.02373,-0.0090515,-3.979
0.023771,-0.0092131,-3.9789
0.023812,-0.0093747,-3.9783
0.023852,-0.0095364,-3.9772
0.023893,-0.009698,-3.9757
0.023933,-0.0098595,-3.9736
0.023974,-0.010021,-3.9711
0.024015,-0.010183,-3.968
0.024056,-0.010344,-3.9645
0.024096,-0.010506,-3.9604
0.024137,-0.010667,-3.9558
0.024178,-0.010829,-3.9506
0.024219,-0.01099,-3.945
0.02426,-0.011152,-3.9387
0.024301,-0.011313,-3.9319
0.024342,-0.011474,-3.9246
0.024383,-0.011636,-3.9166
0.024424,-0.011797,-3.9081
0.024466,-0.011958,-3.8989
0.024507,-0.012119,-3.8892
0.024549,-0.012281,-3.8788
0.02459,-0.012442,-3.8678
0.024632,-0.012603,-3.8561
0.024674,-0.012764,-3.8437
0.024716,-0.012925,-3.8307
0.024758,-0.013086,-3.817
0.0248,-0.013247,-3.8025
0.024842,-0.013408,-3.7874
0.024885,-0.013569,-3.7715
0.024928,-0.013729,-3.7548
0.024971,-0.01389,-3.7373
0.025014,-0.014051,-3.719
0.025057,-0.014211,-3.6999
0.0251,-0.014372,-3.6799
0.025144,-0.014532,-3.6591
0.025188,-0.014692,-3.6373
0.025232,-0.014852,-3.6146
0.025277,-0.015013,-3.591
0.025321,-0.015173,-3.5663
0.025366,-0.015332,-3.5406
0.025412,-0.015492,-3.5139
0.025457,-0.015652,-3.486
0.025503,-0.015811,-3.4571
0.02555,-0.015971,-3.4269
0.025596,-0.01613,-3.3955
0.025643,-0.016289,-3.3628
0.025691,-0.016448,-3.3287
0.025739,-0.016607,-3.2933
0.025787,-0.016766,-3.2564
0.025836,-0.016924,-3.218
0.025886,-0.017082,-3.178
0.025936,-0.01724,-3.1363
0.025986,-0.017398,-3.0928
0.026037,-0.017555,-3.0475
0.026089,-0.017712,-3.0001
0.026142,-0.017869,-2.9507
0.026196,-0.018026,-2.8991
0.02625,-0.018182,-2.8451
0.026305,-0.018337,-2.7885
0.026361,-0.018493,-2.7293
0.026419,-0.018647,-2.6671
0.026477,-0.018801,-2.6018
0.026537,-0.018955,-2.533
0.026598,-0.019108,-2.4606
0.026661,-0.01926,-2.384
0.026726,-0.019411,-2.303
0.026792,-0.019561,-2.217
0.02686,-0.01971,-2.1254
0.026931,-0.019857,-2.0276
0.027005,-0.020003,-1.9227
0.027082,-0.020146,-1.8096
0.027163,-0.020287,-1.687
0.027248,-0.020425,-1.5532
0.027338,-0.020558,-1.406
0.027434,-0.020686,-1.2423
0.027539,-0.020807,-1.058
0.027653,-0.020916,-0.84732
0.027781,-0.021008,-0.60236
0.027923,-0.021074,-0.31322
0.028082,-0.021097,0.026964
0.028249,-0.021061,0.40436
0.028403,-0.02097,0.7742
0.028535,-0.020846,1.1051
0.028647,-0.020707,1.3974
0.028744,-0.020558,1.6597
0.02883,-0.020405,1.8991
0.028908,-0.020249,2.1209
0.028979,-0.020091,2.3287
0.029045,-0.019932,2.5251
0.029106,-0.019771,2.7119
0.029164,-0.01961,2.8907
0.029218,-0.019447,3.0625
0.02927,-0.019285,3.2283
0.029319,-0.019122,3.3887
0.029366,-0.018958,3.5443
0.029412,-0.018794,3.6956
0.029455,-0.01863,3.8431
0.029497,-0.018466,3.9871
0.029538,-0.018301,4.1279
0.029577,-0.018137,4.2657
0.029615,-0.017972,4.4008
0.029652,-0.017807,4.5333
0.029688,-0.017642,4.6635
0.029723,-0.017477,4.7915
0.029757,-0.017311,4.9175
0.02979,-0.017146,5.0415
0.029822,-0.01698,5.1637
0.029854,-0.016815,5.2842
0.029885,-0.016649,5.4031
0.029915,-0.016484,5.5204
0.029945,-0.016318,5.6363
0.029974,-0.016152,5.7508
0.030003,-0.015986,5.864
0.030031,-0.015821,5.9759
0.030058,-0.015655,6.0866
0.030085,-0.015489,6.1962
0.030112,-0.015323,6.3047
0.030138,-0.015157,6.4121
0.030164,-0.014991,6.5185
0.030189,-0.014825,6.6239
0.030214,-0.014659,6.7283
0.030238,-0.014492,6.8319
0.030262,-0.014326,6.9346
0.030286,-0.01416,7.0365
0.03031,-0.013994,7.1375
0.030333,-0.013828,7.2378
0.030356,-0.013662,7.3373
0.030378,-0.013495,7.436
0.0304,-0.013329,7.5341
0.030422,-0.013163,7.6314
0.030444,-0.012996,7.7281
0.030465,-0.01283,7.8241
0.030486,-0.012664,7.9195
0.030507,-0.012497,8.0143
0.030528,-0.012331,8.1085
0.030548,-0.012165,8.2021
0.030568,-0.011998,8.2952
0.030588,-0.011832,8.3877
0.030608,-0.011666,8.4796
0.030628,-0.011499,8.5711
0.030647,-0.011333,8.662
0.030666,-0.011166,8.7524
0.030685,-0.011,8.8423
0.030704,-0.010834,8.9318
0.030722,-0.010667,9.0208
0.030741,-0.010501,9.1094
0.030759,-0.010334,9.1975
0.030777,-0.010168,9.2851
0.030795,-0.010001,9.3724
0.030812,-0.0098347,9.4592
0.03083,-0.0096682,9.5457
0.030847,-0.0095017,9.6317
0.030864,-0.0093352,9.7173
0.030882,-0.0091687,9.8026
0.030898,-0.0090022,9.8875
0.030915,-0.0088356,9.972
0.030932,-0.0086691,10.056
0.030948,-0.0085026,10.14
0.030965,-0.008336,10.223
0.030981,-0.0081695,10.307
0.030997,-0.0080029,10.389
0.031013,-0.0078364,10.472
0.031029,-0.0076698,10.554
0.031045,-0.0075033,10.636
0.03106,-0.0073367,10.717
0.031076,-0.0071701,10.799
0.031091,-0.0070036,10.88
0.031106,-0.006837,10.96
0.031121,-0.0066704,11.041
0.031136,-0.0065038,11.121
0.031151,-0.0063373,11.2
0.031166,-0.0061707,11.28
0.031181,-0.0060041,11.359
0.031195,-0.0058375,11.438
0.03121,-0.0056709,11.517
0.031224,-0.0055043,11.595
0.031239,-0.0053377,11.673
0.031253,-0.0051711,11.751
0.031267,-0.0050045,11.829
0.031281,-0.0048378,11.906
0.031295,-0.0046712,11.984
0.031309,-0.0045046,12.061
0.031323,-0.004338,12.137
0.031336,-0.0041714,12.214
0.03135,-0.0040048,12.29
0.031364,-0.0038381,12.366
0.031377,-0.0036715,12.442
0.03139,-0.0035049,12.518
0.031404,-0.0033382,12.593
0.031417,-0.0031716,12.668
0.03143,-0.003005,12.743
0.031443,-0.0028383,12.818
0.031456,-0.0026717,12.893
0.031469,-0.0025051,12.967
0.031482,-0.0023384,13.041
0.031494,-0.0021718,13.115
0.031507,-0.0020051,13.189
0.03152,-0.0018385,13.263
0.031532,-0.0016718,13.336
0.031545,-0.0015052,13.409
0.031557,-0.0013385,13.482
0.031569,-0.0011719,13.555
0.031582,-0.0010052,13.628
0.031594,-0.00083856,13.7
0.031606,-0.0006719,13.773
0.031618,-0.00050525,13.845
0.03163,-0.00033859,13.917
0.031642,-0.00017193,13.989
0.031654,-5.2638e-06,14.06
0.031666,0.0001614,14.132
0.031677,0.00032806,14.203
0.031689,0.00049473,14.274
0.031701,0.0006614,14.345
0.031712,0.00082806,14.416
0.031724,0.00099473,14.487
0.031735,0.0011614,14.558
0.031747,0.0013281,14.628
0.031758,0.0014947,14.698
0.031769,0.0016614,14.768
0.031781,0.0018281,14.838
0.031792,0.0019948,14.908
0.031803,0.0021614,14.978
0.031814,0.0023281,15.047
0.031825,0.0024948,15.117
0.031836,0.0026615,15.186
0.031847,0.0028281,15.255
0.031858,0.0029948,15.324
0.031869,0.0031615,15.393
0.03188,0.0033282,15.461
0.03189,0.0034949,15.53
0.031901,0.0036616,15.598
0.031912,0.0038282,15.666
0.031922,0.0039949,15.735
0.031933,0.0041616,15.803
0.031944,0.0043283,15.87
0.031954,0.004495,15.938
0.031964,0.0046617,16.006
0.031975,0.0048283,16.073
0.031985,0.004995,16.141
0.031996,0.0051617,16.208
0.032006,0.0053284,16.275
0.032016,0.0054951,16.342
0.032026,0.0056618,16.409
0.032036,0.0058285,16.476
0.032046,0.0059952,16.543
0.032056,0.0061619,16.609
0.032066,0.0063286,16.676
0.032076,0.0064952,16.742
0.032086,0.0066619,16.808
0.032096,0.0068286,16.874
0.032106,0.0069953,16.94
0.032116,0.007162,17.006
0.032126,0.0073287,17.072
0.032136,0.0074954,17.138
0.032145,0.0076621,17.203
0.032155,0.0078288,17.269
0.032165,0.0079955,17.334
0.032174,0.0081622,17.399
0.032184,0.0083289,17.464
0.032193,0.0084956,17.529
0.032203,0.0086623,17.594
0.032212,0.008829,17.659
0.032222,0.0089957,17.724
0.032231,0.0091624,17.788
0.03224,0.0093291,17.853
0.03225,0.0094958,17.917
0.032259,0.0096625,17.982
0.032268,0.0098292,18.046
0.032277,0.0099959,18.11
0.032287,0.010163,18.174
0.032296,0.010329,18.238
0.032305,0.010496,18.302
0.032314,0.010663,18.366
0.032323,0.010829,18.429
0.032332,0.010996,18.493
0.032341,0.011163,18.556
0.03235,0.01133,18.62
0.032359,0.011496,18.683
0.032368,0.011663,18.746
0.032377,0.01183,18.809
0.032386,0.011996,18.873
0.032394,0.012163,18.935
0.032403,0.01233,18.998
0.032412,0.012496,19.061
0.032421,0.012663,19.124
0.032429,0.01283,19.186
0.032438,0.012997,19.249
0.032447,0.013163,19.311
0.032455,0.01333,19.374
0.032464,0.013497,19.436
0.032473,0.013663,19.498
0.032481,0.01383,19.56
0.03249,0.013997,19.622
0.032498,0.014164,19.684
0.032506,0.01433,19.746
0.032515,0.014497,19.808
0.032523,0.014664,19.87
0.032532,0.01483,19.931
0.03254,0.014997,19.993
0.032548,0.015164,20.054
0.032557,0.01533,20.116
0.032565,0.015497,20.177
0.032573,0.015664,20.238
0.032581,0.015831,20.3
0.03259,0.015997,20.361
0.032598,0.016164,20.422
0.032606,0.016331,20.483
0.032614,0.016497,20.544
0.032622,0.016664,20.604
0.03263,0.016831,20.665
0.032638,0.016998,20.726
0.032646,0.017164,20.786
0.032654,0.017331,20.847
0.032662,0.017498,20.907
0.03267,0.017664,20.968
0.032678,0.017831,21.028
0.032686,0.017998,21.088
0.032694,0.018165,21.149
0.032702,0.018331,21.209
0.03271,0.018498,21.269
0.032718,0.018665,21.329
0.032725,0.018831,21.389
0.032733,0.018998,21.448
0.032741,0.019165,21.508
0.032749,0.019332,21.568
0.032756,0.019498,21.628
0.032764,0.019665,21.687
0.032772,0.019832,21.747
0.032779,0.019998,21.806
0.032787,0.020165,21.865
0.032795,0.020332,21.925
0.032802,0.020498,21.984
0.03281,0.020665,22.043
0.032817,0.020832,22.102
0.032825,0.020999,22.161
0.032832,0.021165,22.22
0.03284,0.021332,22.279
0.032847,0.021499,22.338
0.032855,0.021665,22.397
0.032862,0.021832,22.456
0.03287,0.021999,22.515
0.032877,0.022166,22.573
0.032884,0.022332,22.632
0.032892,0.022499,22.69
0.032899,0.022666,22.749
0.032907,0.022832,22.807
0.032914,0.022999,22.865
0.032921,0.023166,22.924
0.032928,0.023333,22.982
0.032936,0.023499,23.04
0.032943,0.023666,23.098
0.03295,0.023833,23.156
0.032957,0.023999,23.214
0.032964,0.024166,23.272
0.032972,0.024333,23.33
0.032979,0.0245,23.388
0.032986,0.024666,23.446
0.032993,0.024833,23.503
0.033,0.025,23.561
